{"Train Loss": 921325.9375, "_timestamp": 1697158377.769854, "_runtime": 1.7846369743347168, "_step": 59, "Val Loss": 3406.244273287657, "_wandb": {"runtime": 1}}