{"Train Loss": 739.2097778320312, "_timestamp": 1697158504.5687869, "_runtime": 83.75129389762878, "_step": 6099, "Val Loss": 48.921759395276084, "gradients/model.0.bias": {"_type": "histogram", "values": [1.0, 0.0, 0.0, 0.0, 0.0, 0.0, 0.0, 0.0, 0.0, 0.0, 0.0, 0.0, 0.0, 0.0, 0.0, 0.0, 0.0, 0.0, 0.0, 0.0, 0.0, 0.0, 0.0, 0.0, 1.0, 0.0, 0.0, 0.0, 1.0, 0.0, 3.0, 0.0, 1.0, 1.0, 3.0, 0.0, 0.0, 0.0, 0.0, 0.0, 0.0, 0.0, 1.0, 0.0, 0.0, 0.0, 1.0, 1.0, 2.0, 0.0, 0.0, 1.0, 0.0, 0.0, 1.0, 0.0, 0.0, 0.0, 1.0, 0.0, 0.0, 0.0, 0.0, 1.0], "bins": [-1.7223396301269531, -1.6719740629196167, -1.6216086149215698, -1.5712430477142334, -1.5208775997161865, -1.47051203250885, -1.4201464653015137, -1.3697810173034668, -1.3194154500961304, -1.269049882888794, -1.218684434890747, -1.1683188676834106, -1.1179533004760742, -1.0675878524780273, -1.017222285270691, -0.9668567776679993, -0.9164912700653076, -0.866125762462616, -0.8157602548599243, -0.7653946876525879, -0.715029239654541, -0.6646636724472046, -0.6142981052398682, -0.5639326572418213, -0.5135670900344849, -0.46320152282714844, -0.41283607482910156, -0.36247050762176514, -0.3121049404144287, -0.26173949241638184, -0.2113739252090454, -0.16100847721099854, -0.11064291000366211, -0.060277342796325684, -0.009911894798278809, 0.04045367240905762, 0.09081912040710449, 0.14118468761444092, 0.19155025482177734, 0.24191570281982422, 0.29228127002716064, 0.34264683723449707, 0.39301228523254395, 0.44337785243988037, 0.4937434196472168, 0.5441088676452637, 0.5944744348526001, 0.6448399424552917, 0.6952054500579834, 0.745570957660675, 0.7959364652633667, 0.8463020324707031, 0.8966675400733948, 0.9470330476760864, 0.9973986148834229, 1.0477640628814697, 1.0981296300888062, 1.1484951972961426, 1.1988606452941895, 1.2492262125015259, 1.2995917797088623, 1.3499572277069092, 1.4003227949142456, 1.4506882429122925, 1.501053810119629]}, "gradients/model.0.weight": {"_type": "histogram", "values": [11.0, 0.0, 0.0, 11.0, 0.0, 0.0, 11.0, 0.0, 0.0, 11.0, 11.0, 11.0, 0.0, 22.0, 11.0, 22.0, 11.0, 33.0, 11.0, 22.0, 43.0, 34.0, 21.0, 12.0, 44.0, 67.0, 87.0, 66.0, 99.0, 99.0, 132.0, 66.0, 22.0, 7040.0, 319.0, 231.0, 55.0, 33.0, 22.0, 0.0, 0.0, 0.0, 0.0, 0.0, 0.0, 11.0, 11.0, 11.0, 0.0, 11.0, 0.0, 11.0, 0.0, 11.0, 0.0, 11.0, 0.0, 0.0, 11.0, 0.0, 11.0, 0.0, 0.0, 11.0], "bins": [-4500.7861328125, -4366.9765625, -4233.1669921875, -4099.35791015625, -3965.54833984375, -3831.73876953125, -3697.92919921875, -3564.11962890625, -3430.310302734375, -3296.5009765625, -3162.69140625, -3028.8818359375, -2895.072265625, -2761.262939453125, -2627.453369140625, -2493.64404296875, -2359.83447265625, -2226.02490234375, -2092.215576171875, -1958.406005859375, -1824.5966796875, -1690.787109375, -1556.9775390625, -1423.168212890625, -1289.358642578125, -1155.549072265625, -1021.73974609375, -887.93017578125, -754.12060546875, -620.311279296875, -486.501708984375, -352.6923828125, -218.882568359375, -85.072998046875, 48.736328125, 182.5458984375, 316.355224609375, 450.164794921875, 583.974365234375, 717.78369140625, 851.59326171875, 985.40283203125, 1119.212158203125, 1253.021728515625, 1386.831298828125, 1520.640625, 1654.4501953125, 1788.259521484375, 1922.069091796875, 2055.87841796875, 2189.68798828125, 2323.49755859375, 2457.30712890625, 2591.116455078125, 2724.926025390625, 2858.7353515625, 2992.544921875, 3126.3544921875, 3260.163818359375, 3393.973388671875, 3527.78271484375, 3661.59228515625, 3795.40185546875, 3929.211181640625, 4063.020751953125]}, "_wandb": {"runtime": 83}}